{"mean_": [0.07943203754343628, 0.5894965939404194, 0.27523140531603985, 0.2797501141454216, 0.3819262517905516, 0.039736264955604325, 0.13008022747463904], "scale_": [0.08227145504008711, 0.08417144539167554, 0.053017147114227586, 0.05553211480168386, 0.009852913590923043, 0.03796470422752759, 0.13140640454649496]}